{"cameraMode":{"drawMode":0,"name":"Shaded","section":"Shading Mode"},"sceneLighting":false,"audioPlay":false,"sceneViewState":{"m_AlwaysRefresh":false,"showFog":true,"showSkybox":false,"showFlares":true,"showImageEffects":true,"showParticleSystems":true,"showVisualEffectGraphs":true,"m_FxEnabled":true},"in2DMode":false,"pivot":{"x":0.28027188777923586,"y":2.5540308952331545,"z":-3.743577718734741},"rotation":{"x":0.09550303220748902,"y":-0.08500390499830246,"z":0.008185678161680699,"w":0.9917626976966858},"size":4.710784435272217,"orthographic":true}